"","date","AOD_550_maiac_mean","AOD_550_AER_mean"
"1",2015-01-01,0.05656,0.0468133471444444
"2",2015-01-05,0.041555,0.035320256525
"3",2015-01-15,0.112563333333333,0.107579788873016
"4",2015-01-16,0.13283,0.111331086916666
"5",2015-01-17,0.06875,0.0572962407486773
"6",2015-01-19,0.15938,0.056948102
"7",2015-01-22,0.13079,0.0712055726
"8",2015-01-28,0.08072,0.0309791404583333
"9",2015-01-31,0.0706366666666667,0.0475913597003968
"10",2015-02-03,0.0607,0.0424598579583333
"11",2015-02-05,0.1076,0.04458946775
"12",2015-02-11,0.059025,0.0538015071388889
"13",2015-02-13,0.02669,0.0417126203407407
"14",2015-03-12,0.06722,0.0326287357083333
"15",2015-03-16,0.1385,0.1148858725
"16",2015-03-21,0.26583,0.206941744333333
"17",2015-03-23,0.085605,0.0850075722142857
"18",2015-03-29,0.0603833333333333,0.0427049649518518
"19",2015-03-31,0.14874,0.115718823666667
"20",2015-04-01,0.08947,0.0969285072375
"21",2015-04-02,0.10537,0.0924412097777778
"22",2015-04-04,0.06631,0.0622081991547619
"23",2015-04-05,0.05678,0.1089897085
"24",2015-04-06,0.05824,0.1030092940625
"25",2015-04-11,0.10544,0.0822303882222222
"26",2015-04-12,0.18813,0.0755540414
"27",2015-04-16,0.142,0.0705283478571429
"28",2015-04-18,0.15114,0.113818095
"29",2015-04-21,0.256333333333333,0.318183251861111
"30",2015-04-24,0.098815,0.0905060298333333
"31",2015-04-26,0.06275,0.067282022
"32",2015-05-04,0.170716666666667,0.178821796436508
"33",2015-05-06,0.35433,0.5127138085
"34",2015-05-07,0.268693333333333,0.282708563066667
"35",2015-05-08,0.31978,0.240578852333333
"36",2015-05-09,0.303,0.140911615166667
"37",2015-05-10,0.319,0.160063157
"38",2015-05-14,0.155425,0.129615162928572
"39",2015-05-15,0.15206,0.132765758416666
"40",2015-05-22,0.141666666666667,0.120145611579365
"41",2015-05-23,0.0761966666666667,0.0638719077638889
"42",2015-05-24,0.1282,0.11449588125
"43",2015-05-26,0.28633,0.214138219
"44",2015-06-05,0.259,0.118440705333333
"45",2015-06-08,0.272,0.257384345
"46",2015-06-09,0.271,0.184767753
"47",2015-06-21,0.219,0.217588438666667
"48",2015-06-24,0.03814,0.0423247306
"49",2015-07-01,0.39308,0.5261705946
"50",2015-07-10,0.15775,0.111720767666667
"51",2015-07-16,0.12069,0.126370598047619
"52",2015-07-20,0.144,0.174392739666667
"53",2015-07-22,0.127,0.0680442996666667
"54",2015-07-23,0.0755,0.065544441
"55",2015-07-24,0.11437,0.0866633840833334
"56",2015-07-25,0.295,0.275549263333333
"57",2015-08-03,0.134935,0.0825722707083334
"58",2015-08-04,0.226895,0.195804111825
"59",2015-08-05,0.226,0.1389179275
"60",2015-08-08,0.1258,0.08931108975
"61",2015-08-09,0.20936,0.177519889
"62",2015-08-13,0.06947,0.065580907
"63",2015-08-14,0.32971,0.245592111
"64",2015-08-15,0.16895,0.1192307536875
"65",2015-08-16,0.22651,0.213129223875
"66",2015-08-17,0.261205,0.312070553230159
"67",2015-08-21,0.0899,0.10119683
"68",2015-08-22,0.073665,0.0447216215
"69",2015-08-24,0.15722,0.222762670571429
"70",2015-08-25,0.13578,0.1057211965
"71",2015-08-26,0.221,0.157546511666667
"72",2015-08-27,0.1882,0.0884047866666667
"73",2015-08-29,0.22075,0.2685706392
"74",2015-09-03,0.457,0.488027241625
"75",2015-09-06,0.069585,0.0729458015714286
"76",2015-09-07,0.086285,0.07818621625
"77",2015-09-08,0.11425,0.105519928339286
"78",2015-09-09,0.10489,0.1287332625
"79",2015-09-11,0.0783766666666667,0.139356215861111
"80",2015-09-14,0.0779366666666667,0.0899296189490741
"81",2015-09-16,0.110525,0.0917103426587302
"82",2015-09-17,0.15849,0.1373550911875
"83",2015-09-18,0.1444,0.140550383875
"84",2015-09-19,0.20073,0.149980231678571
"85",2015-09-23,0.074455,0.0453480997333334
"86",2015-10-06,0.06161,0.103961448433333
"87",2015-10-08,0.189,0.177707589
"88",2015-10-10,0.12901,0.0633844514166667
"89",2015-10-11,0.023745,0.03001948995
"90",2015-10-12,0.07277,0.04810201215
"91",2015-10-15,0.098805,0.057233626920635
"92",2015-10-16,0.124,0.0392625945
"93",2015-10-19,0.08333,0.04031881485
"94",2015-10-20,0.156356666666667,0.115326817458333
"95",2015-10-21,0.12076,0.0885504999714286
"96",2015-10-23,0.0457733333333333,0.0312769471333333
"97",2015-10-30,0.13117,0.0816969488
"98",2015-10-31,0.12227,0.136855344
"99",2015-11-03,0.035295,0.1019109198375
"100",2015-11-04,0.081805,0.08207603995
"101",2015-11-06,0.141,0.185960386
"102",2015-11-08,0.0500433333333333,0.0407514264666667
"103",2015-11-13,0.106825,0.109355329972222
"104",2015-11-14,0.07653,0.0618816744444444
"105",2015-11-15,0.0605266666666667,0.046336832662963
"106",2015-11-16,0.05308,0.0389986853
"107",2015-11-20,0.0657,0.055740906825
"108",2015-11-21,0.0596,0.0693948811666667
"109",2015-11-23,0.06181,0.041476914725
"110",2015-11-24,0.134465,0.0806734918214286
"111",2015-11-25,0.10864,0.072900786
"112",2015-11-26,0.10474,0.0712024363571429
"113",2015-12-03,0.08862,0.0884653258
"114",2015-12-04,0.09404,0.10802870755
"115",2015-12-05,0.11032,0.1243598734375
"116",2015-12-06,0.13634,0.0988186872
"117",2015-12-07,0.05587,0.0623430520555556
"118",2015-12-08,0.21874,0.155298243
"119",2015-12-10,0.123915,0.168307919791667
"120",2015-12-15,0.0538,0.0155549478888889
"121",2015-12-20,0.093355,0.0416964117
"122",2016-01-02,0.0594866666666667,0.103043244355556
"123",2016-01-03,0.030275,0.0444207817
"124",2016-01-04,0.0678833333333333,0.0333875701690476
"125",2016-01-05,0.048545,0.0273790988
"126",2016-01-06,0.0519,0.0416091151
"127",2016-01-11,0.0435966666666667,0.0536976985185185
"128",2016-01-13,0.101,0.0467710821
"129",2016-01-14,0.064825,0.0517063687
"130",2016-01-16,0.15122,0.061825285
"131",2016-01-18,0.08736,0.0560438404
"132",2016-01-19,0.06816,0.05340099385
"133",2016-02-14,0.11333,0.0295661206
"134",2016-02-18,0.05285,0.0931399439
"135",2016-02-26,0.04368,0.0834034168571429
"136",2016-02-28,0.0584133333333333,0.0548562187666667
"137",2016-02-29,0.1689,0.050641481
"138",2016-03-01,0.074275,0.0506509093
"139",2016-03-02,0.181085,0.0473597072142857
"140",2016-03-07,0.08029,0.0940922903944444
"141",2016-03-09,0.1115,0.084183155
"142",2016-03-16,0.17458,0.244407439333333
"143",2016-03-17,0.2815,0.1447512965
"144",2016-03-18,0.19,0.05531054725
"145",2016-03-21,0.134835,0.1086291896875
"146",2016-03-22,0.10126,0.116330627354166
"147",2016-03-24,0.16747,0.145752922583333
"148",2016-03-26,0.150455,0.129993357611111
"149",2016-03-28,0.13017,0.091785682125
"150",2016-03-29,0.099415,0.0783367050625
"151",2016-03-30,0.05247,0.0601832565714286
"152",2016-04-01,0.083875,0.064546699125
"153",2016-04-03,0.08304,0.102990532271429
"154",2016-04-05,0.086705,0.0610320797291666
"155",2016-04-06,0.13245,0.125769857666666
"156",2016-04-10,0.169615,0.139978219095238
"157",2016-04-12,0.16912,0.1141055012
"158",2016-04-13,0.100176666666667,0.160641919
"159",2016-04-14,0.16363,0.163636888
"160",2016-04-15,0.12806,0.1199845039375
"161",2016-04-16,0.11926,0.101435115891667
"162",2016-04-17,0.0915,0.0842864941875
"163",2016-04-18,0.10502,0.0659325230714286
"164",2016-04-20,0.0482,0.0467919914821429
"165",2016-04-24,0.07515,0.0805347364910715
"166",2016-04-25,0.188,0.129379799
"167",2016-05-02,0.27433,0.4140507035
"168",2016-05-08,0.120353333333333,0.218625903461111
"169",2016-06-01,0.34033,0.2383017626
"170",2016-06-06,0.118,0.0887406531666667
"171",2016-06-07,0.15525,0.129701489166667
"172",2016-06-08,0.2012,0.0908273205
"173",2016-06-09,0.060125,0.1173022548125
"174",2016-06-10,0.10182,0.0518004335
"175",2016-06-12,0.05589,0.0578313916607143
"176",2016-06-14,0.06108,0.03668622775
"177",2016-06-17,0.16538,0.161068031425
"178",2016-06-18,0.122765,0.09410656725
"179",2016-06-19,0.1249,0.0856422612738095
"180",2016-06-20,0.104735,0.0998112863142857
"181",2016-06-27,0.22155,0.224808463333333
"182",2016-06-29,0.183915,0.0555350934
"183",2016-07-02,0.04365,0.0998767257285715
"184",2016-07-21,0.24371,0.163145077666667
"185",2016-07-23,0.19033,0.142665720333333
"186",2016-07-25,0.3435,0.2854924355
"187",2016-08-03,0.259,0.100723299166667
"188",2016-08-04,0.11004,0.047269859375
"189",2016-08-07,0.10143,0.0198582236428572
"190",2016-08-11,0.19167,0.07632660675
"191",2016-08-12,0.11224,0.0914008563333333
"192",2016-08-13,0.1465,0.079829633
"193",2016-08-15,0.1088,0.0388648894285714
"194",2016-08-16,0.251,0.112087098333333
"195",2016-08-20,0.18862,0.0944100982857145
"196",2016-08-23,0.10568,0.0342134395
"197",2016-08-24,0.15678,0.0580067426666667
"198",2016-08-26,0.141,0.0853165451666667
"199",2016-08-27,0.190245,0.104668472
"200",2016-08-28,0.0883866666666667,0.0389711119880952
"201",2016-08-29,0.19588,0.0595606286666667
"202",2016-08-30,0.0461,0.040683544125
"203",2016-08-31,0.17531,0.114229438875
"204",2016-09-04,0.12733,0.1174404108
"205",2016-09-05,0.1925,0.114671006857143
"206",2016-09-06,0.12288,0.0462225172152778
"207",2016-09-12,0.089,0.00089516
"208",2016-09-13,0.101,0.1335593708
"209",2016-09-22,0.094465,0.033881351
"210",2016-09-23,0.0627866666666667,0.0624268184851852
"211",2016-10-15,0.06592,0.0305538925
"212",2016-10-16,0.209813333333333,0.161819597416667
"213",2016-10-17,0.114155,0.0770683384777778
"214",2016-10-18,0.08179,0.0718532665571429
"215",2016-10-19,0.15778,0.112323186571429
"216",2016-10-22,0.06985,0.007308209
"217",2016-10-24,0.20843,0.0716177995
"218",2016-10-25,0.113533333333333,0.0245378580859788
"219",2016-10-26,0.1725,0.0541593066666667
"220",2016-10-28,0.12107,0.00215825166666667
"221",2016-10-29,0.07384,0.0220275424
"222",2016-10-30,0.102,0.05576712025
"223",2016-11-02,0.18777,0.169947756542857
"224",2016-11-04,0.073615,0.00933739474305555
"225",2016-11-05,0.02107,0.00257394433333333
"226",2016-11-07,0.04442,0.001929375125
"227",2016-11-08,0.1201,0.003600983
"228",2016-11-10,0.0525033333333333,0.00473607322777778
"229",2016-11-11,0.148,0.0317404655
"230",2016-11-12,0.046325,0.0051799624375
"231",2016-11-13,0.06124,0.00119207933928571
"232",2016-11-14,0.05598,0.0202260512
"233",2016-11-15,0.1298,0.0287893534285714
"234",2016-11-17,0.0442366666666667,0.0100488145575758
"235",2016-11-18,0.048535,0.0192306204111111
"236",2016-11-19,0.211265,0.1657575797
"237",2016-11-21,0.04406,0.00276966230555555
"238",2016-11-22,0.073995,0.00512575344444445
"239",2016-11-23,0.0617333333333333,0.0411359723666667
"240",2016-11-27,0.11918,0.0666327600625
"241",2016-12-01,0.18467,0.0353877515
"242",2016-12-02,0.059395,0.014156492625
"243",2016-12-03,0.119875,0.0128621105416666
"244",2016-12-05,0.12988,0.00749754966666667
"245",2016-12-07,0.10228,0.076666151
"246",2016-12-09,0.06097,0.0218746953142857
"247",2016-12-10,0.1498,0.0198552335555556
"248",2016-12-14,0.09494,0.0636520748571429
"249",2016-12-15,0.11324,0.0136876024285714
"250",2016-12-19,0.08704,0.0142260615694445
"251",2016-12-20,0.05554,0.0235402182833334
"252",2016-12-22,0.081745,0.030629644275
"253",2016-12-25,0.07366,0.0347835804454545
"254",2016-12-28,0.113603333333333,0.0648059827333333
"255",2016-12-30,0.10909,0.010151912
"256",2017-01-26,0.07314,0.0077535125
"257",2017-01-31,0.09427,0.0351276335
"258",2017-02-06,0.0812,0.0548032753
"259",2017-08-22,0.20444,0.1583438086
"260",2017-08-25,0.315,0.173238518
"261",2017-08-31,0.1325,0.185266904
"262",2017-11-02,0.128125,0.0627202878611112
"263",2017-11-10,0.05684,0.00920465377777778
"264",2017-11-15,0.09272,0.0684122957777778
"265",2017-11-17,0.034325,0.0201739642
"266",2017-11-25,0.10133,0.0340329493333333
"267",2017-11-26,0.05591,0.0323693978888889
"268",2017-11-27,0.04698,0.0366712533
"269",2017-11-28,0.0573,0.0473416510722222
"270",2017-11-29,0.101355,0.0852958156
"271",2017-11-30,0.169255,0.159611409166666
"272",2017-12-01,0.088955,0.0520351304
"273",2017-12-03,0.18854,0.211820677357143
"274",2017-12-07,0.03502,0.02789189575
"275",2017-12-11,0.14224,0.10873504625
"276",2017-12-18,0.09545,0.111986425
"277",2017-12-19,0.0491166666666667,0.0635586236333333
"278",2017-12-21,0.045785,0.0505358752
"279",2017-12-25,0.098045,0.0298506100625
"280",2017-12-26,0.06334,0.0406095224444444
"281",2017-12-28,0.0828766666666667,0.037076780787037
"282",2018-01-02,0.0598,0.0368849455
"283",2018-01-06,0.08962,0.0424351871
"284",2018-01-07,0.08276,0.0301253148333333
"285",2018-01-09,0.062265,0.04605929995
"286",2018-01-13,0.05321,0.0130765617
"287",2018-01-14,0.06187,0.0262700798
"288",2018-01-19,0.08161,0.0347782623
"289",2018-01-20,0.040885,0.0264595297166667
"290",2018-01-25,0.0528133333333333,0.0393434392666667
"291",2018-01-26,0.106925,0.07412417095
"292",2018-01-31,0.03559,0.0668215451666667
"293",2018-02-02,0.08763,0.0418445881111111
"294",2018-02-03,0.05518,0.0401568294
"295",2018-02-08,0.142805,0.0797401345
"296",2018-02-13,0.1412,0.0472624632857143
"297",2018-02-21,0.13786,0.0664162934444444
"298",2018-02-27,0.09099,0.0653276178833334
"299",2018-02-28,0.06697,0.0825873298888889
"300",2018-03-03,0.06915,0.045630324
"301",2018-03-04,0.063885,0.0205735562
"302",2018-03-05,0.04724,0.0210169808074074
"303",2018-03-08,0.14346,0.059092449625
"304",2018-03-09,0.09459,0.059538205125
"305",2018-03-10,0.13179,0.0642637436
"306",2018-03-11,0.098855,0.06836787175
"307",2018-03-16,0.11942,0.0604901055833333
"308",2018-03-18,0.04369,0.0457672970407408
"309",2018-03-19,0.16013,0.08692181575
"310",2018-03-23,0.13071,0.0591575553
"311",2018-03-24,0.09011,0.063283209525
"312",2018-03-26,0.11366,0.0584809825763889
"313",2018-03-31,0.086025,0.05819383875
"314",2018-04-05,0.19813,0.12212638325
"315",2018-04-08,0.197335,0.122855608916666
"316",2018-04-12,0.15109,0.17567738125
"317",2018-04-13,0.13304,0.165253956071429
"318",2018-04-14,0.17341,0.167102298875
"319",2018-04-18,0.116155,0.078657217
"320",2018-04-20,0.128715,0.0912328930625
"321",2018-04-22,0.21591,0.1166619535
"322",2018-04-26,0.118665,0.0949488849375
"323",2018-04-28,0.2014,0.17956460775
"324",2018-04-30,0.12283,0.0728386681964285
"325",2018-05-01,0.147923333333333,0.129370955041667
"326",2018-05-02,0.1707,0.118794779
"327",2018-05-03,0.172155,0.1687525518125
"328",2018-05-08,0.14932,0.154632397297619
"329",2018-05-09,0.13308,0.1463209826875
"330",2018-05-14,0.40675,0.6338403885
"331",2018-05-15,0.21348,0.266396408666667
"332",2018-05-21,0.209,0.181301076458333
"333",2018-05-23,0.3778,0.1304419252
"334",2018-05-24,0.118973333333333,0.107981097
"335",2018-05-25,0.24435,0.18984573625
"336",2018-05-26,0.314,0.288942441
"337",2018-06-12,0.115485,0.0703748845625
"338",2018-06-14,0.090685,0.0530798051875
"339",2018-06-15,0.06104,0.0544121606111111
"340",2018-06-16,0.105583333333333,0.112321731019048
"341",2018-06-17,0.32253,0.2874705494
"342",2018-06-26,0.18305,0.080720659
"343",2018-06-29,0.07333,0.100226471375
"344",2018-07-01,0.211645,0.205076372428571
"345",2018-07-02,0.17923,0.280146479571429
"346",2018-07-04,0.21955,0.2008644098125
"347",2018-07-07,0.20729,0.0442661455208334
"348",2018-07-08,0.205396666666667,0.0380907091064815
"349",2018-07-09,0.20918,0.0681149431875
"350",2018-07-10,0.16767,0.135082012625
"351",2018-07-13,0.25918,0.2161016244
"352",2018-07-14,0.21504,0.163601070125
"353",2018-07-18,0.25701,0.0589503445
"354",2018-07-19,0.17827,0.0957465858333333
"355",2018-08-04,0.19475,0.13537376675
"356",2018-08-07,0.33667,0.382909767666667
"357",2018-08-11,0.2675,0.279039886333333
"358",2018-08-15,0.21225,0.416113204
"359",2018-08-16,0.30421,0.333070646666667
"360",2018-08-23,0.22637,0.08863615575
"361",2018-08-24,0.186025,0.101475671464286
"362",2018-08-26,0.206135,0.321516950071428
"363",2018-08-28,0.24577,0.307958648166667
"364",2018-08-29,0.20798,0.229083854375
"365",2018-08-30,0.24915,0.070998846375
"366",2018-09-04,0.22832,0.131248624222222
"367",2018-09-06,0.25014,0.137421560555556
"368",2018-09-29,0.182765,0.0809667826666667
"369",2018-09-30,0.16584,0.142812280305555
"370",2018-10-01,0.21299,0.147370912444444
"371",2018-10-04,0.165825,0.11342401675
"372",2018-10-07,0.16652,0.208863392
"373",2018-10-12,0.08259,0.0344442591833333
"374",2018-10-17,0.21233,0.0475406185
"375",2018-10-18,0.07856,0.0286439826875
"376",2018-10-19,0.18243,0.0424249973809524
"377",2018-10-21,0.1852,0.0262515499
"378",2018-10-22,0.166185,0.0594091200714286
"379",2018-10-23,0.1533,0.0608244288
"380",2018-10-24,0.26197,0.040567911
"381",2018-10-30,0.0808,0.04260827075
"382",2018-10-31,0.213825,0.0874953351666667
"383",2018-11-04,0.179596666666667,0.0277691342925926
"384",2018-11-08,0.1495,0.0413219736375
"385",2018-11-10,0.147275,0.0627399022555555
"386",2018-11-11,0.193725,0.06037413615
"387",2018-11-16,0.15663,0.022540023
"388",2018-11-17,0.13891,0.116682321571429
"389",2018-11-21,0.13899,0.0652225137444445
"390",2018-11-22,0.15946,0.03453005075
"391",2018-11-25,0.192245,0.0759331395625
"392",2018-11-29,0.153,0.0669415562
"393",2018-12-03,0.07698,0.0256366216666667
"394",2018-12-07,0.13779,0.0538321437678572
"395",2018-12-11,0.167886666666667,0.0636040155444444
"396",2018-12-18,0.164146666666667,0.0237328340111111
"397",2018-12-23,0.12611,0.07216712785
"398",2018-12-24,0.0999,0.0635846814285714
"399",2018-12-25,0.15901,0.133623320666667
"400",2018-12-26,0.12724,0.12088876
"401",2018-12-27,0.15275,0.082549358
"402",2019-01-06,0.12166,0.0676870383
"403",2019-01-10,0.0558533333333333,0.0425337756047619
"404",2019-01-11,0.06595,0.0472020915833333
"405",2019-01-21,0.028,0.0256392791
"406",2019-01-28,0.02348,0.0569386082857143
"407",2019-02-09,0.059455,0.043445871675
"408",2019-02-15,0.08095,0.068708721
"409",2019-02-17,0.05953,0.048705922
"410",2019-02-25,0.047065,0.0310351247388889
"411",2019-02-28,0.067425,0.0624612223375
"412",2019-03-05,0.0785,0.0653201188037037
"413",2019-03-12,0.0714933333333333,0.0665231880606061
"414",2019-03-16,0.09981,0.053972191975
"415",2019-03-17,0.1495,0.0648659063
"416",2019-03-18,0.312,0.137519722666667
"417",2019-03-19,0.08343,0.0720621019388889
"418",2019-03-23,0.06063,0.0418476703333333
"419",2019-03-24,0.1068,0.099484264
"420",2019-03-26,0.073035,0.0441954084930555
"421",2019-03-28,0.11846,0.0880384043714285
"422",2019-03-31,0.05383,0.056467956625
"423",2019-04-01,0.050295,0.0587854711696428
"424",2019-04-03,0.142715,0.10941368725
"425",2019-04-06,0.16515,0.164860615
"426",2019-04-07,0.291,0.1916688735
"427",2019-04-10,0.14856,0.0675843103333333
"428",2019-04-13,0.14882,0.1743755935
"429",2019-04-16,0.06782,0.0935263805
"430",2019-04-22,0.11497,0.0718225490833334
"431",2019-04-24,0.106,0.0626004155
"432",2019-04-27,0.095825,0.068591927375
"433",2019-05-02,0.1798,0.219286412125
"434",2019-05-17,0.088,0.133206682714286
"435",2019-05-19,0.22792,0.24819349125
"436",2019-05-24,0.0772333333333333,0.0716900431083333
"437",2019-05-25,0.33,0.3052064316
"438",2019-05-31,0.14989,0.121975254666667
"439",2019-06-03,0.073145,0.100439573428571
"440",2019-06-04,0.075805,0.0715347719732143
"441",2019-06-11,0.08187,0.04977138
"442",2019-06-12,0.0616,0.076930004
"443",2019-06-14,0.0795,0.0790824227142857
"444",2019-06-15,0.212,0.06859715075
"445",2019-06-21,0.159,0.0493480545
"446",2019-06-23,0.12771,0.117663280785715
"447",2019-06-24,0.28475,0.245082799333333
"448",2019-06-28,0.18233,0.191243802
"449",2019-06-30,0.14942,0.071764053
"450",2019-07-01,0.11598,0.0491659784166667
"451",2019-07-02,0.167,0.1732697058
"452",2019-10-18,0.00731,0.0328049578181818
"453",2019-10-19,0.163,0.05154882225
"454",2019-10-21,0.098455,0.049255097825
"455",2019-10-23,0.136035,0.0436496883055556
"456",2019-10-24,0.051715,0.0420968436223684
"457",2019-10-27,0.02357,0.0330546132631579
"458",2019-10-28,0.07785,0.0389759514381579
"459",2019-11-14,0.03393,0.0702850358571429
"460",2019-11-16,0.04283,0.07143380305
"461",2019-11-21,0.12453,0.107389258833333
"462",2019-11-25,0.04992,0.0856384930486842
"463",2019-11-26,0.055875,0.08046335784375
"464",2019-12-07,0.00065,0.077907653125
"465",2019-12-11,0.0664,0.0767745548157895
"466",2019-12-12,0.14077,0.0760563653529412
"467",2019-12-15,0.146885,0.135473389928571
"468",2019-12-18,0.06489,0.0829061928421053
"469",2019-12-20,0.13087,0.1329420729
"470",2019-12-24,0.122355,0.113156840190909
"471",2019-12-26,0.21681,0.11362522525
"472",2020-01-01,0.09256,0.0880389895350877
"473",2020-01-06,0.04663,0.067967888287594
"474",2020-01-09,0.12317,0.0871124566666667
"475",2020-01-12,0.031145,0.0407463557
"476",2020-01-15,0.0788266666666667,0.100989020622054
"477",2020-01-16,0.07053,0.08712597706875
"478",2020-01-17,0.05688,0.0601968685611111
"479",2020-01-20,0.08536,0.061222272975
"480",2020-01-22,0.0595133333333333,0.0790880722990196
"481",2020-01-24,0.21389,0.08977095925
"482",2020-01-26,0.12933,0.0500232881818182
"483",2020-01-29,0.0762733333333333,0.0693283580184211
"484",2020-02-02,0.14912,0.11467925575
"485",2020-02-03,0.02662,0.07290330025
"486",2020-02-09,0.1077,0.078129708025
"487",2020-02-14,0.08135,0.0655872535816587
"488",2020-02-16,0.09152,0.109736246
"489",2020-02-21,0.097515,0.089133155
"490",2020-02-23,0.04749,0.08464619585
"491",2020-02-27,0.06467,0.0732287018888889
"492",2020-02-29,0.183,0.117738960363636
"493",2020-03-01,0.05856,0.0720536031236842
"494",2020-03-02,0.11638,0.144205496818182
"495",2020-03-04,0.0644,0.058350927125
"496",2020-03-05,0.09106,0.0774409994285714
"497",2020-03-07,0.04427,0.0677838394236842
"498",2020-03-08,0.102165,0.074147933875
"499",2020-03-09,0.05949,0.0856865073153846
"500",2020-03-13,0.15197,0.0890763064285714
"501",2020-03-16,0.10665,0.100264939
"502",2020-03-22,0.175,0.1341034254
"503",2020-03-26,0.117065,0.133661799316666
"504",2020-03-30,0.13128,0.10869952634375
"505",2020-04-06,0.11441,0.109916335275
"506",2020-04-08,0.09481,0.0973251814615385
"507",2020-04-11,0.131003333333333,0.112794363547265
"508",2020-04-14,0.19819,0.10506061775
"509",2020-04-15,0.17229,0.0939137454615385
"510",2020-04-19,0.08697,0.0834479477619048
"511",2020-04-22,0.079255,0.0625144142202381
"512",2020-05-02,0.10793,0.0806183600555556
"513",2020-05-04,0.125976666666667,0.0674457468458333
"514",2020-05-07,0.13049,0.08961664305
"515",2020-05-10,0.178343333333333,0.130969983650794
"516",2020-05-13,0.20025,0.1264694724375
"517",2020-05-25,0.2173,0.11830930105
"518",2020-05-26,0.194856666666667,0.10614276991391
"519",2020-05-30,0.08484,0.0517078845
"520",2020-05-31,0.16267,0.0577035300555556
"521",2020-06-07,0.1776,0.0426314768
"522",2020-06-08,0.076325,0.04367045635
"523",2020-06-09,0.17738,0.139808728190476
"524",2020-06-12,0.15812,0.0706348448444445
"525",2020-06-13,0.117715,0.0863251706596491
"526",2020-06-14,0.246015,0.145894626770468
"527",2020-06-15,0.14433,0.0853289484285714
"528",2020-06-23,0.189,0.1558588871875
"529",2020-06-24,0.11433,0.0496362155625
"530",2020-06-26,0.14078,0.0936443171578947
"531",2020-06-29,0.13467,0.0717575428888889
"532",2020-07-03,0.227165,0.219595972880952
"533",2020-07-08,0.20067,0.1599289137
"534",2020-07-09,0.143735,0.0707623563100961
"535",2020-07-13,0.09333,0.08115226525
"536",2020-07-18,0.087735,0.107833716544048
"537",2020-07-21,0.241,0.189521055714286
"538",2020-07-22,0.239,0.204176319058824
"539",2020-07-27,0.1555,0.116591621111111
"540",2020-07-29,0.07375,0.0739400590769841
"541",2020-08-03,0.1526,0.1065317225
"542",2020-08-05,0.152756666666667,0.134120146506944
"543",2020-08-17,0.18217,0.1295154551
"544",2020-08-18,0.16912,0.106278628055556
"545",2020-08-19,0.118,0.0924530194444445
"546",2020-08-20,0.32279,0.162133565444444
"547",2020-08-25,0.2282,0.292323767166667
"548",2020-08-26,0.23083,0.195649067705882
"549",2020-08-27,0.374,0.296565995285714
"550",2020-08-28,0.283,0.21205867725
"551",2020-08-30,0.08253,0.0312840135384615
"552",2020-09-03,0.4175,0.237664613333333
"553",2020-09-04,0.21293,0.227662921571429
"554",2020-09-06,0.160606666666667,0.199289823257936
"555",2020-09-07,0.25311,0.2252584844
"556",2020-09-08,0.186025,0.203257693835715
"557",2020-09-14,0.58086,0.8906771235
"558",2020-09-15,0.54217,0.979037275940332
"559",2020-09-19,0.089955,0.0598006517857143
"560",2020-09-20,0.074785,0.0542740996315789
"561",2020-09-21,0.102435,0.0449705024
"562",2020-09-22,0.0661133333333333,0.103583430171429
"563",2020-09-23,0.141105,0.129611336483334
"564",2020-09-28,0.1845,0.175530292727273
"565",2020-09-30,0.19632,0.0763790157
"566",2020-10-03,0.075135,0.057752114525
"567",2020-10-04,0.174163333333333,0.212073526781579
"568",2020-10-06,0.105195,0.101509337064145
"569",2020-10-07,0.188725,0.148435060911765
"570",2020-10-08,0.08296,0.0510305786495098
"571",2020-10-09,0.17579,0.0720225716
"572",2020-10-14,0.13256,0.0745579451414141
"573",2020-10-15,0.07426,0.0732118783361111
"574",2020-10-17,0.0560533333333333,0.0498252864287524
"575",2020-10-18,0.15809,0.0463028157894737
"576",2020-10-20,0.3295,0.2245211976
"577",2020-10-22,0.07864,0.12964189785
"578",2020-10-23,0.2,0.115403743454545
"579",2020-11-02,0.0619,0.0571827005931373
"580",2020-11-03,0.12326,0.0713231897210526
"581",2020-11-04,0.05118,0.0497893763947369
"582",2020-11-05,0.11828,0.0673549836470588
"583",2020-11-06,0.084305,0.098102934456579
"584",2020-11-07,0.06472,0.0743025516578947
"585",2020-11-08,0.087955,0.07656072805
"586",2020-11-09,0.07392,0.110658062316667
"587",2020-11-10,0.08597,0.064766543
"588",2020-11-13,0.12303,0.142528524111111
"589",2020-11-14,0.0677466666666667,0.0882922375444444
"590",2020-11-16,0.035805,0.039589770875
"591",2020-11-17,0.169,0.0749589965555556
"592",2020-11-18,0.05353,0.0408878845789474
"593",2020-11-20,0.04897,0.0419930663068182
"594",2020-11-23,0.062665,0.0462393239458204
"595",2020-11-24,0.0788,0.0599759062375
"596",2020-11-25,0.1,0.101878373
"597",2020-11-26,0.0768,0.0723205531428571
"598",2020-11-28,0.09783,0.0983361347083335
"599",2020-11-29,0.053725,0.0549020732328948
"600",2020-12-01,0.14225,0.0657468006
"601",2020-12-02,0.0405,0.03671129895
"602",2020-12-03,0.072515,0.0446639170769231
"603",2020-12-06,0.055195,0.0377414897631579
"604",2020-12-07,0.02803,0.06425107455
"605",2020-12-08,0.04469,0.0374101360527778
"606",2020-12-10,0.115685,0.12225680638125
"607",2020-12-11,0.09688,0.126800003916667
"608",2020-12-13,0.08276,0.06300072625
"609",2020-12-26,0.14049,0.037304998
"610",2020-12-27,0.05616,0.0560049389888158
"611",2020-12-28,0.07312,0.0716311894
"612",2020-12-29,0.042945,0.03090540905
"613",2021-01-07,0.05309,0.03711754425
"614",2021-01-09,0.0482,0.030544417675
"615",2021-01-10,0.05985,0.03530131515
"616",2021-01-12,0.0868633333333333,0.0917018656254386
"617",2021-01-13,0.10192,0.0856178849375
"618",2021-01-14,0.108,0.113087027818182
"619",2021-01-18,0.15904,0.071087787
"620",2021-01-19,0.08841,0.0544196075333333
"621",2021-01-20,0.17579,0.0753431737333333
"622",2021-01-21,0.04114,0.0506593717142857
"623",2021-01-23,0.051865,0.0346552914415205
"624",2021-01-24,0.1065,0.053073489125
"625",2021-01-28,0.043135,0.0492908136166667
"626",2021-01-30,0.05224,0.042379835374269
"627",2021-02-05,0.11766,0.07694832115
"628",2021-02-08,0.11053,0.0745594666986842
"629",2021-02-09,0.148,0.104817079363636
"630",2021-02-17,0.11761,0.0725969295
"631",2021-02-24,0.08463,0.0291647803684211
"632",2021-02-25,0.04732,0.0278022832333333
"633",2021-03-02,0.081085,0.031055210575
"634",2021-03-03,0.04298,0.0362131
"635",2021-03-05,0.05534,0.057076805925
"636",2021-03-07,0.07106,0.0410035788
"637",2021-03-08,0.07675,0.0552779856770833
"638",2021-03-10,0.13144,0.0989875502958333
"639",2021-03-13,0.0987,0.04881486035
"640",2021-03-14,0.1287,0.0917773213333334
"641",2021-03-15,0.169725,0.0750421865
"642",2021-03-19,0.1032,0.0691250484666667
"643",2021-03-20,0.11939,0.111412657948413
"644",2021-03-21,0.10413,0.0744203531904762
"645",2021-03-22,0.0951533333333333,0.0760325965269841
"646",2021-03-26,0.128665,0.0672512363041667
"647",2021-03-27,0.21855,0.0956713439285714
"648",2021-03-29,0.127796666666667,0.0982845170938799
"649",2021-03-30,0.14201,0.0690676427218615
"650",2021-04-02,0.130425,0.0717921268289473
"651",2021-04-03,0.09865,0.0730152416666667
"652",2021-04-04,0.21737,0.212318993729167
"653",2021-04-05,0.170035,0.135181991001253
"654",2021-04-06,0.24975,0.233314750955882
"655",2021-04-07,0.274425,0.264891593285714
"656",2021-04-08,0.29357,0.266847469302083
"657",2021-04-11,0.2565,0.0939912291777777
"658",2021-04-15,0.36967,0.201596181375
"659",2021-04-18,0.16425,0.0703363137222222
"660",2021-04-20,0.150245,0.121721616724311
"661",2021-04-21,0.12011,0.104011516333333
"662",2021-04-23,0.155135,0.126770667971428
"663",2021-04-26,0.13556,0.0800936133568182
"664",2021-04-27,0.150443333333333,0.130067992120234
"665",2021-04-30,0.213,0.131185259085858
"666",2021-05-06,0.1049,0.108477415
"667",2021-05-10,0.18471,0.112674164879464
"668",2021-05-11,0.16992,0.145777654181818
"669",2021-05-12,0.15364,0.108346646333333
"670",2021-05-13,0.08353,0.1093910637
"671",2021-05-16,0.347,0.193097983166667
"672",2021-05-18,0.212,0.109937789894737
"673",2021-05-19,0.1745,0.143244856277778
"674",2021-05-20,0.249383333333333,0.211234081152778
"675",2021-05-21,0.164275,0.134075759925595
"676",2021-05-23,0.2225,0.176168120307692
"677",2021-05-26,0.36,0.3454123648125
"678",2021-05-27,0.1647,0.110107708583333
"679",2021-05-31,0.17438,0.0787212400714286
"680",2021-06-05,0.148286666666667,0.161644638907407
"681",2021-06-06,0.2085,0.14625935915
"682",2021-06-07,0.207,0.185395030428571
"683",2021-07-14,0.158,0.140327259714286
"684",2021-07-17,0.27767,0.2558069486875
"685",2021-07-23,0.1042,0.23975710884375
"686",2021-07-24,0.25256,0.2714300529
"687",2021-07-27,0.23317,0.3268019864375
"688",2021-07-28,0.20471,0.385096629818182
"689",2021-07-31,0.119115,0.141674639364379
"690",2021-08-04,0.14233,0.233764705294118
"691",2021-08-05,0.13601,0.142187038989766
"692",2021-08-06,0.11665,0.2200808502
"693",2021-08-08,0.11916,0.190119659949039
"694",2021-08-11,0.262965,0.249209881316433
"695",2021-08-12,0.3034,0.2604310398125
"696",2021-08-13,0.24475,0.274155333435715
"697",2021-08-23,0.3398,0.146941658384615
"698",2021-08-24,0.15321,0.224907431874026
"699",2021-08-25,0.301885,0.279302643356818
"700",2021-08-26,0.28371,0.289880716045455
"701",2021-08-27,0.26,0.285072113681818
"702",2021-09-02,0.0683,0.0853060116904761
"703",2021-09-03,0.2251,0.0902366059404762
"704",2021-09-06,0.11554,0.0784250773333333
"705",2021-09-07,0.09474,0.103403206428571
"706",2021-09-10,0.16876,0.0928529185555556
"707",2021-09-12,0.289865,0.435289420190476
"708",2021-09-19,0.05942,0.0397718687619048
"709",2021-09-20,0.178,0.1003584711
"710",2021-09-24,0.13939,0.0275633984
"711",2021-09-25,0.05629,0.0389628555333333
"712",2021-09-26,0.10206,0.0349218131157895
"713",2021-09-27,0.057495,0.0591880471833333
"714",2021-09-29,0.08455,0.054702463975
"715",2021-09-30,0.09502,0.0750455358846154
"716",2021-10-01,0.079325,0.0374023679776316
"717",2021-10-03,0.19586,0.173667302334821
"718",2021-10-07,0.11709,0.076553274
"719",2021-10-14,0.17183,0.119296253777778
"720",2021-10-15,0.19345,0.1797109565
"721",2021-10-19,0.077845,0.03712219265
"722",2021-10-20,0.0522033333333333,0.0507363802298246
"723",2021-10-21,0.094125,0.0677114263894737
"724",2021-10-24,0.15221,0.073253815
"725",2021-10-25,0.07983,0.06367438425
"726",2021-10-27,0.03997,0.0306568168
"727",2021-11-01,0.03886,0.0249049707940546
"728",2021-11-03,0.06451,0.0393467878388158
"729",2021-11-05,0.067485,0.0483745616416666
"730",2021-11-06,0.15233,0.052384113
"731",2021-11-08,0.04462,0.0389852548011696
"732",2021-11-09,0.0554,0.0378509983
"733",2021-11-10,0.1107,0.125339855625
"734",2021-11-12,0.06403,0.0296900984285714
"735",2021-11-16,0.0945,0.049864983
"736",2021-11-17,0.06997,0.123842934
"737",2021-11-18,0.087275,0.066635980125
"738",2021-11-19,0.081075,0.052997572375
"739",2021-11-21,0.16136,0.0972364315
"740",2021-11-23,0.102535,0.0602947570888888
"741",2021-11-24,0.05061,0.0478005584055556
"742",2021-11-26,0.06479,0.0433124955555556
"743",2021-11-27,0.100965,0.0581275180789474
"744",2021-11-29,0.14121,0.05227543175
"745",2021-12-01,0.10169,0.0909387503253588
"746",2021-12-03,0.04482,0.0283400612857143
"747",2021-12-04,0.11418,0.110852755857143
"748",2021-12-05,0.0603,0.0406915503888889
"749",2021-12-12,0.03641,0.0392732807368421
"750",2021-12-13,0.03575,0.0308611793289474
"751",2021-12-14,0.0403733333333333,0.0301912784640523
"752",2021-12-15,0.1695,0.090948630625
"753",2021-12-16,0.09904,0.0706066546
"754",2021-12-20,0.045865,0.0375010875888889
"755",2021-12-22,0.11872,0.1135694774375
"756",2021-12-23,0.109026666666667,0.0807370862891534
"757",2021-12-24,0.14034,0.0819961796
"758",2021-12-26,0.0363366666666667,0.02979227045
"759",2022-01-10,0.121,0.049769677
"760",2022-01-11,0.0542633333333333,0.0442814879969697
"761",2022-01-22,0.05282,0.0335223858928572
"762",2022-01-24,0.0977733333333333,0.0956345475301393
"763",2022-01-26,0.11162,0.05937100045
"764",2022-01-27,0.0606466666666667,0.0778122729333333
"765",2022-01-31,0.087,0.112369858
"766",2022-02-01,0.03681,0.104178639355556
"767",2022-02-02,0.04114,0.116791283090909
"768",2022-02-05,0.06879,0.0492045400578947
"769",2022-02-06,0.072005,0.03094090665
"770",2022-02-08,0.07849,0.06760884445
"771",2022-02-09,0.0529266666666667,0.0693373604385965
"772",2022-02-10,0.08846,0.0563097243076923
"773",2022-02-11,0.051295,0.057469963875
"774",2022-02-15,0.120365,0.0862852469615384
"775",2022-02-16,0.14729,0.1423101595
"776",2022-02-20,0.03269,0.030762549325
"777",2022-02-21,0.03821,0.0421662841812866
"778",2022-02-26,0.09331,0.0719872841111111
"779",2022-02-27,0.07649,0.0654002043276316
"780",2022-02-28,0.0511533333333333,0.046145326454386
"781",2022-03-02,0.07029,0.0716720537647059
"782",2022-03-03,0.07084,0.0374413737
"783",2022-03-04,0.0667566666666667,0.0636953340222222
"784",2022-03-05,0.286415,0.185449845295454
"785",2022-03-11,0.137445,0.149059302886764
"786",2022-03-13,0.19493,0.04638164
"787",2022-03-14,0.094785,0.0712043674736842
"788",2022-03-15,0.09507,0.0928620853944444
"789",2022-03-16,0.08769,0.0765298820277778
"790",2022-03-18,0.17385,0.117351325473684
"791",2022-03-21,0.14324,0.0920612387
"792",2022-03-25,0.19471,0.0698458786111111
"793",2022-03-29,0.0839,0.0554626785591757
"794",2022-04-02,0.1205,0.0837430449
"795",2022-04-04,0.19775,0.091735187
"796",2022-04-08,0.17486,0.0779947928095238
"797",2022-04-14,0.13507,0.113168010235294
"798",2022-04-15,0.11683,0.0844673924090909
"799",2022-04-16,0.17942,0.120094339285714
"800",2022-04-17,0.200085,0.0961689032272728
"801",2022-04-20,0.10257,0.0806724391792929
"802",2022-04-24,0.166983333333333,0.199599014492063
"803",2022-04-27,0.374,0.1630174618
"804",2022-04-28,0.1476,0.132260326620129
"805",2022-04-29,0.158055,0.131826536977273
"806",2022-04-30,0.145,0.12659907475
"807",2022-05-02,0.1085,0.150088956818182
"808",2022-05-09,0.107703333333333,0.0660022437305195
"809",2022-05-10,0.0849866666666667,0.062846802976912
"810",2022-05-17,0.16126,0.11567815865
"811",2022-05-18,0.164935,0.129727136458334
"812",2022-05-19,0.24519,0.1040729481
"813",2022-05-22,0.183175,0.214820093313492
"814",2022-05-23,0.1915,0.177626006333333
"815",2022-05-28,0.26975,0.06837019915
"816",2022-05-30,0.17474,0.15028501085
"817",2022-05-31,0.16043,0.181601053175758
"818",2022-06-02,0.285,0.359169227
"819",2022-06-04,0.08564,0.08735447815
"820",2022-06-05,0.06776,0.0593921115657895
"821",2022-06-06,0.087785,0.06775799705
"822",2022-06-15,0.140035,0.158263430608225
"823",2022-06-17,0.25433,0.172185630966667
"824",2022-06-18,0.14833,0.0633213549090909
"825",2022-06-19,0.09861,0.0731767146
"826",2022-06-20,0.08996,0.071052699422619
"827",2022-06-25,0.16134,0.114815262779762
"828",2022-06-26,0.2129,0.182878439033334
"829",2022-06-28,0.144935,0.0633497194285714
"830",2022-06-29,0.1441,0.10026751585
"831",2022-06-30,0.164165,0.124163785948684
"832",2022-07-01,0.16732,0.169763140666667
"833",2022-07-03,0.132,0.0866010526842105
"834",2022-07-04,0.105725,0.0898354932967914
"835",2022-07-11,0.130293333333333,0.124105770331746
"836",2022-07-12,0.1089,0.16783073635
"837",2022-07-15,0.11768,0.193408184315789
"838",2022-07-19,0.235,0.1409921205
"839",2022-07-20,0.11639,0.182790111157895
"840",2022-07-22,0.11532,0.139852201198413
"841",2022-07-30,0.14828,0.0428661582
"842",2022-08-02,0.16975,0.169330140733333
"843",2022-08-03,0.07711,0.143021281333333
"844",2022-08-04,0.097,0.2782590093
"845",2022-08-07,0.1964,0.0855392035714286
"846",2022-08-08,0.264,0.1034541372
"847",2022-08-09,0.11422,0.115375789315789
"848",2022-08-11,0.144445,0.06480672975
"849",2022-08-12,0.14981,0.06494769405
"850",2022-08-13,0.0686966666666667,0.0434778952492063
"851",2022-08-14,0.08464,0.0668523624375
"852",2022-08-16,0.15389,0.0683876707272727
"853",2022-08-18,0.10417,0.121218028904762
"854",2022-08-19,0.11971,0.128716105
"855",2022-08-20,0.111895,0.0869088024473684
"856",2022-08-22,0.255,0.142625690777778
"857",2022-08-24,0.30356,0.234608589818182
"858",2022-08-26,0.2845,0.194748992277778
"859",2022-08-27,0.14979,0.15816832525
"860",2022-08-28,0.1995,0.157239703631579
"861",2022-08-29,0.287736666666667,0.188560856689254
"862",2022-08-30,0.12933,0.182063477105263
"863",2022-09-01,0.073895,0.0710361626357143
"864",2022-09-02,0.117666666666667,0.0949033079151515
"865",2022-09-03,0.21392,0.194010116277778
"866",2022-09-04,0.2075,0.1524028109375
"867",2022-09-09,0.163095,0.106681825370629
"868",2022-09-13,0.09325,0.0893537204666667
"869",2022-09-14,0.0891,0.0748979879023809
"870",2022-09-15,0.2327,0.195998518891667
"871",2022-09-16,0.645965,0.623065099809524
"872",2022-09-17,0.293305,0.360387460547619
"873",2022-09-18,0.241473333333333,0.253075280781955
"874",2022-09-19,0.12867,0.166307157684211
"875",2022-09-20,0.123765,0.109915548186508
"876",2022-09-21,0.1178,0.139490234871429
"877",2022-09-23,0.05729,0.0404167514761905
"878",2022-09-24,0.11361,0.0437126980833333
"879",2022-09-25,0.1721,0.146934215777778
"880",2022-09-27,0.153875,0.0712064910168067
"881",2022-09-28,0.078515,0.0381669419192983
"882",2022-09-29,0.12644,0.0383735696153846
"883",2022-10-06,0.090295,0.0520054808914474
"884",2022-10-07,0.109036666666667,0.0932245394640351
"885",2022-10-09,0.05276,0.043352790875
"886",2022-10-10,0.15316,0.0700858323
"887",2022-10-11,0.052325,0.094273257975
"888",2022-10-14,0.08053,0.07437175835
"889",2022-10-15,0.10322,0.08917492125
"890",2022-10-16,0.05264,0.0553441088947368
"891",2022-10-20,0.01962,0.05552964525
"892",2022-10-21,0.06818,0.0761588222
"893",2022-10-22,0.08658,0.05999933175
"894",2022-10-27,0.039225,0.0272692807105263
"895",2022-10-29,0.075055,0.0446377603932749
"896",2022-11-03,0.0586,0.0472569754736842
"897",2022-11-07,0.06088,0.0390949157083334
"898",2022-11-09,0.07294,0.0404125794907407
"899",2022-11-10,0.06416,0.0899699871078947
"900",2022-11-12,0.144,0.108221134571429
"901",2022-11-13,0.09544,0.0383966078285714
"902",2022-11-14,0.08931,0.0398740909181286
"903",2022-11-17,0.13903,0.0878765713923077
"904",2022-11-18,0.13213,0.0910026251578947
"905",2022-11-19,0.071545,0.0667283185714286
"906",2022-11-20,0.06871,0.032447477
"907",2022-11-21,0.04857,0.033855250375
"908",2022-11-22,0.07119,0.0551453804
"909",2022-11-23,0.072775,0.053361464125
"910",2022-11-24,0.103155,0.103356550556818
"911",2022-11-26,0.03368,0.02379277795
"912",2022-12-01,0.07477,0.047440830075
"913",2022-12-02,0.10458,0.0629139952222222
"914",2022-12-05,0.16073,0.0551902821111111
"915",2022-12-08,0.18143,0.0763401782857143
"916",2022-12-09,0.08492,0.03383988705
"917",2022-12-10,0.118295,0.103669904166666
"918",2022-12-16,0.12173,0.0559547496470588
"919",2022-12-17,0.09391,0.0403532216428572
"920",2022-12-19,0.080945,0.0548429165
"921",2022-12-20,0.083415,0.0589706357375
"922",2022-12-21,0.07038,0.080133295540404
"923",2022-12-23,0.1152,0.0587696905714286
"924",2022-12-24,0.05753,0.0900122251428571
"925",2022-12-25,0.094935,0.045437284775
"926",2022-12-27,0.06316,0.0540553098421053
"927",2022-12-28,0.06789,0.062710333
"928",2022-12-29,0.06248,0.0515498130096491
"929",2022-12-30,0.08707,0.0612583751644737
"930",2023-04-17,0.16191,0.0738337352777778
"931",2023-04-18,0.06517,0.09519638395
"932",2023-04-19,0.05748,0.1157984687
"933",2023-04-20,0.145345,0.1477074279
"934",2023-04-21,0.15039,0.17969230301579
"935",2023-04-23,0.2652,0.1063754373
"936",2023-04-25,0.274,0.120018123666667
"937",2023-04-26,0.34257,0.214340229444444
"938",2023-05-06,0.117,0.0615027909863637
"939",2023-05-10,0.43601,0.623641071412419
"940",2023-05-11,0.2715,0.3193200538
"941",2023-05-14,0.126185,0.09456438328125
"942",2023-05-15,0.17602,0.24199649255
"943",2023-05-17,0.04798,0.12815686675
"944",2023-05-18,0.14838,0.261219005603896
"945",2023-05-21,0.29462,0.371062557809524
"946",2023-05-22,0.370705,0.526511341504762
"947",2023-05-24,0.61563,0.717132511111336
"948",2023-05-25,0.095055,0.104880576704546
"949",2023-05-26,0.165085,0.113226371369048
"950",2023-05-30,0.17016,0.2112000172
"951",2023-05-31,0.1351175,0.164059931954545
"952",2023-06-01,0.15502,0.238724624503969
"953",2023-06-02,0.29493,0.2772433341
"954",2023-06-05,0.171303333333333,0.134953104614286
"955",2023-06-07,1.543915,1.14501021341666
"956",2023-06-08,1.19796,1.40958189336842
"957",2023-06-10,0.262345,0.276079922992064
"958",2023-06-14,0.25,0.150809712222222
"959",2023-06-15,0.23437,0.449303042723215
"960",2023-06-17,0.50393,0.606812931294118
"961",2023-06-18,0.2111,0.46465598090625
"962",2023-06-27,0.24,0.192283690555556
"963",2023-06-29,1.39525,1.36540892725397
"964",2023-07-06,0.309,0.198850240952381
"965",2023-07-11,0.12593,0.151118147318182
"966",2023-07-13,0.195235,0.212647540069445
"967",2023-07-14,0.0845,0.0853411776666667
"968",2023-07-17,1.1035,1.26328172553333
"969",2023-07-18,0.33082,0.502446531617647
"970",2023-07-21,0.19956,0.100094472705882
"971",2023-07-23,0.272715,0.202444981487745
"972",2023-07-26,0.23677,0.408058739857143
"973",2023-07-27,0.332,0.360205553375
"974",2023-07-28,0.34,0.321829233526316
"975",2023-07-29,0.13267,0.180788149588235
"976",2023-07-30,0.10492,0.0702058166367064
"977",2023-07-31,0.1962,0.196631904222222
"978",2023-08-01,1.199315,1.29594759366369
"979",2023-08-02,0.13663,0.285138790142857
"980",2023-08-09,0.21146,0.282896280058824
"981",2023-08-12,0.220635,0.21139089975
"982",2023-08-13,0.112,0.0819230627
"983",2023-08-16,0.097135,0.0691626538373016
"984",2023-08-19,0.12389,0.140959085895455
"985",2023-08-20,0.217615,0.284407469966666
"986",2023-08-22,0.17375,0.1412844834
"987",2023-08-27,0.1738,0.1744300165
"988",2023-08-31,0.05567,0.0578549008916084
"989",2023-09-01,0.086505,0.133372794877706
"990",2023-09-02,0.085055,0.100778739433983
"991",2023-09-03,0.16866,0.197522016367106
"992",2023-09-04,0.0885,0.135479710875
"993",2023-09-07,0.238,0.315088820588235
"994",2023-09-09,0.25678,0.2334911095
"995",2023-09-13,0.14379,0.0792361878
"996",2023-09-14,0.08993,0.0704465578131579
"997",2023-09-15,0.11114,0.0475736561690476
"998",2023-09-16,0.0362166666666667,0.0439713726759019
"999",2023-09-19,0.10522,0.06854871505
"1000",2023-09-20,0.19201,0.12232092405
"1001",2023-09-27,0.10269,0.0827057135
"1002",2023-10-01,0.09729,0.0871147113828948
"1003",2023-10-02,0.16997,0.11857101165
"1004",2023-10-03,0.165116666666667,0.133389416462963
"1005",2023-10-04,0.13596,0.115425267598684
"1006",2023-10-07,0.20575,0.0785430418333334
"1007",2023-10-10,0.13333,0.112206591875
"1008",2023-10-11,0.087535,0.0558272804
"1009",2023-10-12,0.07689,0.0906099782894737
"1010",2023-10-13,0.096995,0.0710156012605263
"1011",2023-10-15,0.15714,0.0303648042142857
"1012",2023-10-18,0.192825,0.079035713125
"1013",2023-10-19,0.15442,0.075392170875
"1014",2023-10-22,0.0862,0.0366722256526316
"1015",2023-10-23,0.06701,0.024567498525
"1016",2023-10-24,0.0814,0.06739276895
"1017",2023-10-25,0.0794,0.0504367550588235
"1018",2023-10-26,0.14522,0.0545079544
"1019",2023-10-28,0.135415,0.0941595199095236
"1020",2023-11-01,0.15168,0.0979937133055555
"1021",2023-11-02,0.09313,0.0431031025160818
"1022",2023-11-03,0.06131,0.0502288197388889
"1023",2023-11-05,0.158185,0.127952801903948
"1024",2023-11-06,0.16213,0.122428657166667
"1025",2023-11-08,0.06532,0.0703076298653846
"1026",2023-11-09,0.188855,0.178631307324519
"1027",2023-11-13,0.0987633333333333,0.0999495416166667
"1028",2023-11-14,0.05583,0.0316221679514493
"1029",2023-11-15,0.07,0.07485707625
"1030",2023-11-16,0.085655,0.082003164175
"1031",2023-11-18,0.02642,0.0260505716
"1032",2023-11-19,0.05692,0.03902009485
"1033",2023-11-22,0.1,0.046680061
"1034",2023-11-23,0.05436,0.0371140748318182
"1035",2023-11-24,0.2061,0.159126605666667
"1036",2023-11-25,0.041125,0.0387024646365385
"1037",2023-11-29,0.09809,0.0612783568958334
"1038",2023-12-08,0.09267,0.0700732017008928
"1039",2023-12-09,0.124465,0.138017049833333
"1040",2023-12-11,0.097245,0.0285200234871795
"1041",2023-12-12,0.0392366666666667,0.0303213734833333
"1042",2023-12-14,0.06287,0.0402902427
"1043",2023-12-15,0.06969,0.03576077215
"1044",2023-12-19,0.1328,0.0307313261
"1045",2023-12-20,0.094175,0.0483795405
"1046",2023-12-25,0.09024,0.0842057994615385
"1047",2023-12-29,0.07622,0.08877566225
"1048",2024-01-02,0.0566,0.04594136065
"1049",2024-01-03,0.0966,0.0451890548181818
"1050",2024-01-05,0.0422625,0.0576186688255952
"1051",2024-01-08,0.10963,0.0675017614185464
"1052",2024-01-10,0.07434,0.0251993171428571
"1053",2024-01-11,0.10258,0.039448106775
"1054",2024-01-13,0.07,0.0307304895
"1055",2024-05-22,0.168565,0.15877775405
"1056",2024-05-24,0.2085,0.214593099055556
"1057",2024-05-26,0.19125,0.154731122166667
"1058",2024-05-28,0.3346,0.1400928224
"1059",2024-05-30,0.237565,0.0861414004416667
"1060",2024-05-31,0.105265,0.0796209720555555
"1061",2024-06-01,0.15613,0.0723229473333333
"1062",2024-06-07,0.15,0.0927857301428571
"1063",2024-06-08,0.069025,0.0424415253333333
"1064",2024-06-09,0.1838,0.071490993
"1065",2024-06-12,0.12238,0.124786627111111
"1066",2024-06-13,0.20729,0.171278185631579
"1067",2024-06-14,0.33092,0.158237763470588
"1068",2024-06-15,0.09568,0.07199570005
"1069",2024-06-16,0.14789,0.1140133104
"1070",2024-06-17,0.217,0.264960812333333
"1071",2024-06-18,0.28471,0.251037491214285
"1072",2024-06-19,0.21529,0.096568178182353
"1073",2024-06-21,0.1741,0.146939713037879
"1074",2024-06-22,0.3368,0.350266475238095
"1075",2024-06-24,0.08759,0.0656676547204545
"1076",2024-06-25,0.15795,0.115816767125
"1077",2024-06-27,0.19,0.068724399
"1078",2024-06-28,0.19353,0.154075469139474
"1079",2024-07-01,0.31312,0.0399480293809524
"1080",2024-07-02,0.155,0.03865082625
"1081",2024-07-03,0.20831,0.0712719221363636
"1082",2024-07-06,0.307,0.130550805
"1083",2024-07-07,0.104715,0.0922920303666667
"1084",2024-07-08,0.28055,0.152387454666667
"1085",2024-07-09,0.349,0.2368752364
"1086",2024-07-11,0.1968,0.0564795239473684
"1087",2024-07-14,0.343665,0.323335773463068
"1088",2024-07-15,0.269,0.209380899666667
"1089",2024-07-16,0.317565,0.301206036350877
"1090",2024-07-17,0.221115,0.218814534614584
"1091",2024-07-19,0.19488,0.217763342619048
"1092",2024-07-21,0.333,0.209767764
"1093",2024-07-26,0.41003,0.352865689625
"1094",2024-07-27,0.16255,0.136158944388889
"1095",2024-07-28,0.310875,0.269085844480953
"1096",2024-07-29,0.32925,0.305036457846154
"1097",2024-08-01,0.33027,0.35802757665
"1098",2024-08-02,0.26067,0.173105023571429
"1099",2024-08-05,0.34368,0.312756062307692
"1100",2024-08-06,0.46782,0.488633904947368
"1101",2024-08-11,0.19057,0.177889218941176
"1102",2024-08-12,0.15388,0.07263076315
"1103",2024-08-13,0.16376,0.0909817506666667
"1104",2024-08-14,0.65773,0.61927144735
"1105",2024-08-15,0.270765,0.377989584295454
"1106",2024-08-20,0.17,0.094393522
"1107",2024-08-21,0.29261,0.185634712764706
"1108",2024-08-22,0.15326,0.127022057277778
"1109",2024-08-23,0.16501,0.129351818065909
"1110",2024-08-24,0.37286,0.297017083166667
"1111",2024-08-25,0.244966666666667,0.328952847660826
"1112",2024-08-26,0.5676,0.418719183333333
"1113",2024-08-27,0.18386,0.207544412226191
"1114",2024-09-02,0.143355,0.0773478364333335
"1115",2024-09-03,0.138855,0.136937463095238
"1116",2024-09-04,0.0789833333333333,0.0783737579924242
"1117",2024-09-05,0.34428,0.182465225294118
"1118",2024-09-08,0.065585,0.0631262319
"1119",2024-09-09,0.14837,0.156900392291126
"1120",2024-09-10,0.18498,0.0856071742857143
"1121",2024-09-11,0.124396666666667,0.154653808125648
"1122",2024-09-12,0.216795,0.182139278729323
"1123",2024-09-14,0.23156,0.21304876705
"1124",2024-09-15,0.30514,0.167272211666667
"1125",2024-09-20,0.20971,0.19415430835
"1126",2024-09-28,0.20525,0.109767682058824
"1127",2024-10-05,0.07599,0.0750965450486842
"1128",2024-10-06,0.06175,0.080195428
"1129",2024-10-07,0.214785,0.14220412254251
"1130",2024-10-08,0.02828,0.0282828907833333
"1131",2024-10-09,0.11128,0.044140697
"1132",2024-10-10,0.03727,0.0367937107595238
"1133",2024-10-11,0.09189,0.0421152249119048
"1134",2024-10-12,0.342245,0.242328645299107
"1135",2024-10-13,0.19415,0.233305973928404
"1136",2024-10-16,0.18375,0.0363069430714286
"1137",2024-10-17,0.078525,0.0381935396
"1138",2024-10-18,0.0506433333333333,0.0369561857936508
"1139",2024-10-19,0.11445,0.074543560881579
"1140",2024-10-20,0.03267,0.0388093791818182
"1141",2024-10-21,0.116155,0.058958608175
"1142",2024-10-22,0.085195,0.0842914976197369
"1143",2024-10-23,0.06146,0.0589071772348485
"1144",2024-10-24,0.08088,0.0453221779027778
"1145",2024-10-25,0.03266,0.0375126994888889
"1146",2024-10-27,0.11321,0.03930195525
"1147",2024-10-28,0.093245,0.0714244354166667
"1148",2024-10-29,0.1501,0.112888657375
"1149",2024-10-30,0.13953,0.094222435
"1150",2024-10-31,0.100065,0.0646836897301587
"1151",2024-11-01,0.05604,0.0435038899473684
"1152",2024-11-02,0.03038,0.0324850031052632
"1153",2024-11-03,0.079475,0.0339542951875
"1154",2024-11-05,0.125355,0.0744132681691176
"1155",2024-11-06,0.03936,0.073504646875
"1156",2024-11-08,0.061145,0.0302616471565789
"1157",2024-11-09,0.0285966666666667,0.0154065925075188
"1158",2024-11-11,0.053655,0.042004444975
"1159",2024-11-12,0.086145,0.0200960677833334
"1160",2024-11-13,0.12667,0.0524962523333333
"1161",2024-11-16,0.0276,0.0219001993416666
"1162",2024-11-18,0.17934,0.112012697727273
"1163",2024-11-20,0.14871,0.0826845936666667
"1164",2024-11-21,0.06932,0.0377557852636363
"1165",2024-11-23,0.04736,0.0211102164
"1166",2024-11-24,0.00644,0.0470421923333333
"1167",2024-11-25,0.104035,0.0709134879044118
"1168",2024-11-26,0.05524,0.0472744816361111
"1169",2024-11-30,0.12583,0.0677658292941176
"1170",2024-12-02,0.109835,0.0521566597027778
"1171",2024-12-03,0.070585,0.0565197488928571
"1172",2024-12-05,0.065,0.0377834024666667
"1173",2024-12-06,0.081935,0.0434855267794118
"1174",2024-12-12,0.108585,0.0523220823654762
"1175",2024-12-14,0.115183333333333,0.0854109344905533
"1176",2024-12-19,0.08625,0.0445899332
"1177",2024-12-21,0.14625,0.0314817107142857
"1178",2024-12-22,0.068,0.0329139820486842
"1179",2024-12-23,0.0706366666666667,0.0615550587250712
"1180",2024-12-30,0.055,0.0302619021013158
"1181",2024-12-31,0.13002,0.045195187
